{
  "val_f1": 0.8630100186456543,
  "val_accuracy": 0.8629943502824858
}