,precision,recall,f1-score,support
0,0.8961781522720433,0.8972582103043085,0.8967178560674496,3319.0
1,0.8200525394045534,0.845216606498195,0.8324444444444444,2216.0
2,0.8743695552498854,0.8464269862405681,0.8601714027965719,2253.0
accuracy,0.8677452491011813,0.8677452491011813,0.8677452491011813,0.8677452491011813
macro avg,0.8635334156421607,0.8629672676810238,0.8631112344361553,7788.0
weighted avg,0.8682083105661781,0.8677452491011813,0.867856911103933,7788.0
