{
  "accuracy": 0.8677452491011813,
  "precision": 0.8682083105661781,
  "recall": 0.8677452491011813,
  "f1_score": 0.867856911103933
}